{"aggregate_acc": {"accuracy": 0.4256524725274725}, "Arabic_acc": {"accuracy": 0.31456043956043955}, "Bengali_acc": {"accuracy": 0.30494505494505497}, "Brazilian Portuguese_acc": {"accuracy": 0.41483516483516486}, "Chinese_acc": {"accuracy": 0.39285714285714285}, "Traditional Chinese_acc": {"accuracy": 0.34615384615384615}, "Dutch_acc": {"accuracy": 0.5151098901098901}, "English_acc": {"accuracy": 0.47527472527472525}, "French_acc": {"accuracy": 0.5741758241758241}, "German_acc": {"accuracy": 0.5096153846153846}, "Hindi_acc": {"accuracy": 0.25137362637362637}, "Italian_acc": {"accuracy": 0.5618131868131868}, "Marathi_acc": {"accuracy": 0.024725274725274724}, "Polish_acc": {"accuracy": 0.4491758241758242}, "Romanian_acc": {"accuracy": 0.5494505494505495}, "Russian_acc": {"accuracy": 0.5604395604395604}, "Spanish_acc": {"accuracy": 0.5659340659340659}}