{"aggregate_acc": {"accuracy": 0.32683722527472525}, "Arabic_acc": {"accuracy": 0.46291208791208793}, "Bengali_acc": {"accuracy": 0.375}, "Brazilian Portuguese_acc": {"accuracy": 0.4052197802197802}, "Chinese_acc": {"accuracy": 0.49038461538461536}, "Traditional Chinese_acc": {"accuracy": 0.4065934065934066}, "Dutch_acc": {"accuracy": 0.005494505494505495}, "English_acc": {"accuracy": 0.49038461538461536}, "French_acc": {"accuracy": 0.40796703296703296}, "German_acc": {"accuracy": 0.008241758241758242}, "Hindi_acc": {"accuracy": 0.35027472527472525}, "Italian_acc": {"accuracy": 0.6002747252747253}, "Marathi_acc": {"accuracy": 0.09340659340659341}, "Polish_acc": {"accuracy": 0.01098901098901099}, "Romanian_acc": {"accuracy": 0.005494505494505495}, "Russian_acc": {"accuracy": 0.5260989010989011}, "Spanish_acc": {"accuracy": 0.5906593406593407}}