{"aggregate_acc": {"accuracy": 0.39354395604395603}, "Arabic_acc": {"accuracy": 0.23901098901098902}, "Bengali_acc": {"accuracy": 0.07280219780219781}, "Brazilian Portuguese_acc": {"accuracy": 0.46703296703296704}, "Chinese_acc": {"accuracy": 0.5851648351648352}, "Traditional Chinese_acc": {"accuracy": 0.5796703296703297}, "Dutch_acc": {"accuracy": 0.6085164835164835}, "English_acc": {"accuracy": 0.03296703296703297}, "French_acc": {"accuracy": 0.5590659340659341}, "German_acc": {"accuracy": 0.6085164835164835}, "Hindi_acc": {"accuracy": 0.03983516483516483}, "Italian_acc": {"accuracy": 0.4368131868131868}, "Marathi_acc": {"accuracy": 0.020604395604395604}, "Polish_acc": {"accuracy": 0.3914835164835165}, "Romanian_acc": {"accuracy": 0.5769230769230769}, "Russian_acc": {"accuracy": 0.6043956043956044}, "Spanish_acc": {"accuracy": 0.4739010989010989}}