{"aggregate_acc": {"accuracy": 0.4753605769230769}, "Arabic_acc": {"accuracy": 0.3173076923076923}, "Bengali_acc": {"accuracy": 0.4368131868131868}, "Brazilian Portuguese_acc": {"accuracy": 0.6057692307692307}, "Chinese_acc": {"accuracy": 0.44368131868131866}, "Traditional Chinese_acc": {"accuracy": 0.4010989010989011}, "Dutch_acc": {"accuracy": 0.5604395604395604}, "English_acc": {"accuracy": 0.603021978021978}, "French_acc": {"accuracy": 0.6263736263736264}, "German_acc": {"accuracy": 0.5947802197802198}, "Hindi_acc": {"accuracy": 0.3228021978021978}, "Italian_acc": {"accuracy": 0.646978021978022}, "Marathi_acc": {"accuracy": 0.1043956043956044}, "Polish_acc": {"accuracy": 0.592032967032967}, "Romanian_acc": {"accuracy": 0.39285714285714285}, "Russian_acc": {"accuracy": 0.5673076923076923}, "Spanish_acc": {"accuracy": 0.3901098901098901}}