{"aggregate_acc": {"accuracy": 0.30228365384615385}, "Arabic_acc": {"accuracy": 0.25}, "Bengali_acc": {"accuracy": 0.01098901098901099}, "Brazilian Portuguese_acc": {"accuracy": 0.4024725274725275}, "Chinese_acc": {"accuracy": 0.37774725274725274}, "Traditional Chinese_acc": {"accuracy": 0.4271978021978022}, "Dutch_acc": {"accuracy": 0.28983516483516486}, "English_acc": {"accuracy": 0.2733516483516483}, "French_acc": {"accuracy": 0.1978021978021978}, "German_acc": {"accuracy": 0.2554945054945055}, "Hindi_acc": {"accuracy": 0.32967032967032966}, "Italian_acc": {"accuracy": 0.41208791208791207}, "Marathi_acc": {"accuracy": 0.4368131868131868}, "Polish_acc": {"accuracy": 0.35302197802197804}, "Romanian_acc": {"accuracy": 0.22664835164835165}, "Russian_acc": {"accuracy": 0.19230769230769232}, "Spanish_acc": {"accuracy": 0.4010989010989011}}