{"aggregate_acc": {"accuracy": 0.4481456043956044}, "Arabic_acc": {"accuracy": 0.4175824175824176}, "Bengali_acc": {"accuracy": 0.4010989010989011}, "Brazilian Portuguese_acc": {"accuracy": 0.5096153846153846}, "Chinese_acc": {"accuracy": 0.37362637362637363}, "Traditional Chinese_acc": {"accuracy": 0.3118131868131868}, "Dutch_acc": {"accuracy": 0.6071428571428571}, "English_acc": {"accuracy": 0.5439560439560439}, "French_acc": {"accuracy": 0.3543956043956044}, "German_acc": {"accuracy": 0.4381868131868132}, "Hindi_acc": {"accuracy": 0.45604395604395603}, "Italian_acc": {"accuracy": 0.3392857142857143}, "Marathi_acc": {"accuracy": 0.44368131868131866}, "Polish_acc": {"accuracy": 0.47802197802197804}, "Romanian_acc": {"accuracy": 0.5370879120879121}, "Russian_acc": {"accuracy": 0.5508241758241759}, "Spanish_acc": {"accuracy": 0.40796703296703296}}