{"aggregate_acc": {"accuracy": 0.39680631868131866}, "Arabic_acc": {"accuracy": 0.3791208791208791}, "Bengali_acc": {"accuracy": 0.29532967032967034}, "Brazilian Portuguese_acc": {"accuracy": 0.42445054945054944}, "Chinese_acc": {"accuracy": 0.5947802197802198}, "Traditional Chinese_acc": {"accuracy": 0.49313186813186816}, "Dutch_acc": {"accuracy": 0.4423076923076923}, "English_acc": {"accuracy": 0.4478021978021978}, "French_acc": {"accuracy": 0.38461538461538464}, "German_acc": {"accuracy": 0.385989010989011}, "Hindi_acc": {"accuracy": 0.19093406593406592}, "Italian_acc": {"accuracy": 0.38873626373626374}, "Marathi_acc": {"accuracy": 0.07005494505494506}, "Polish_acc": {"accuracy": 0.5412087912087912}, "Romanian_acc": {"accuracy": 0.5027472527472527}, "Russian_acc": {"accuracy": 0.3434065934065934}, "Spanish_acc": {"accuracy": 0.4642857142857143}}