{"aggregate_acc": {"accuracy": 0.43921703296703296}, "Arabic_acc": {"accuracy": 0.5096153846153846}, "Bengali_acc": {"accuracy": 0.4835164835164835}, "Brazilian Portuguese_acc": {"accuracy": 0.5934065934065934}, "Chinese_acc": {"accuracy": 0.5054945054945055}, "Traditional Chinese_acc": {"accuracy": 0.46565934065934067}, "Dutch_acc": {"accuracy": 0.4326923076923077}, "English_acc": {"accuracy": 0.5439560439560439}, "French_acc": {"accuracy": 0.41208791208791207}, "German_acc": {"accuracy": 0.521978021978022}, "Hindi_acc": {"accuracy": 0.33653846153846156}, "Italian_acc": {"accuracy": 0.3901098901098901}, "Marathi_acc": {"accuracy": 0.019230769230769232}, "Polish_acc": {"accuracy": 0.5989010989010989}, "Romanian_acc": {"accuracy": 0.43543956043956045}, "Russian_acc": {"accuracy": 0.3804945054945055}, "Spanish_acc": {"accuracy": 0.3983516483516483}}