{"aggregate_acc": {"accuracy": 0.3481284340659341}, "Arabic_acc": {"accuracy": 0.4766483516483517}, "Bengali_acc": {"accuracy": 0.36126373626373626}, "Brazilian Portuguese_acc": {"accuracy": 0.3956043956043956}, "Chinese_acc": {"accuracy": 0.5755494505494505}, "Traditional Chinese_acc": {"accuracy": 0.5824175824175825}, "Dutch_acc": {"accuracy": 0.0013736263736263737}, "English_acc": {"accuracy": 0.5810439560439561}, "French_acc": {"accuracy": 0.5260989010989011}, "German_acc": {"accuracy": 0.009615384615384616}, "Hindi_acc": {"accuracy": 0.37225274725274726}, "Italian_acc": {"accuracy": 0.6057692307692307}, "Marathi_acc": {"accuracy": 0.06043956043956044}, "Polish_acc": {"accuracy": 0.0027472527472527475}, "Romanian_acc": {"accuracy": 0.006868131868131868}, "Russian_acc": {"accuracy": 0.4052197802197802}, "Spanish_acc": {"accuracy": 0.6071428571428571}}