{"aggregate_acc": {"accuracy": 0.3525927197802198}, "Arabic_acc": {"accuracy": 0.41620879120879123}, "Bengali_acc": {"accuracy": 0.01510989010989011}, "Brazilian Portuguese_acc": {"accuracy": 0.5618131868131868}, "Chinese_acc": {"accuracy": 0.5535714285714286}, "Traditional Chinese_acc": {"accuracy": 0.5851648351648352}, "Dutch_acc": {"accuracy": 0.32967032967032966}, "English_acc": {"accuracy": 0.17032967032967034}, "French_acc": {"accuracy": 0.20741758241758243}, "German_acc": {"accuracy": 0.26373626373626374}, "Hindi_acc": {"accuracy": 0.4326923076923077}, "Italian_acc": {"accuracy": 0.4835164835164835}, "Marathi_acc": {"accuracy": 0.3159340659340659}, "Polish_acc": {"accuracy": 0.49862637362637363}, "Romanian_acc": {"accuracy": 0.28296703296703296}, "Russian_acc": {"accuracy": 0.260989010989011}, "Spanish_acc": {"accuracy": 0.26373626373626374}}