{"aggregate_acc": {"accuracy": 0.4220467032967033}, "Arabic_acc": {"accuracy": 0.570054945054945}, "Bengali_acc": {"accuracy": 0.5796703296703297}, "Brazilian Portuguese_acc": {"accuracy": 0.4217032967032967}, "Chinese_acc": {"accuracy": 0.5686813186813187}, "Traditional Chinese_acc": {"accuracy": 0.125}, "Dutch_acc": {"accuracy": 0.38873626373626374}, "English_acc": {"accuracy": 0.40384615384615385}, "French_acc": {"accuracy": 0.260989010989011}, "German_acc": {"accuracy": 0.5947802197802198}, "Hindi_acc": {"accuracy": 0.41620879120879123}, "Italian_acc": {"accuracy": 0.33516483516483514}, "Marathi_acc": {"accuracy": 0.33516483516483514}, "Polish_acc": {"accuracy": 0.45054945054945056}, "Romanian_acc": {"accuracy": 0.3914835164835165}, "Russian_acc": {"accuracy": 0.3626373626373626}, "Spanish_acc": {"accuracy": 0.5480769230769231}}