{"aggregate_acc": {"accuracy": 0.32202953296703296}, "Arabic_acc": {"accuracy": 0.4725274725274725}, "Bengali_acc": {"accuracy": 0.4958791208791209}, "Brazilian Portuguese_acc": {"accuracy": 0.5961538461538461}, "Chinese_acc": {"accuracy": 0.46565934065934067}, "Traditional Chinese_acc": {"accuracy": 0.3392857142857143}, "Dutch_acc": {"accuracy": 0.008241758241758242}, "English_acc": {"accuracy": 0.5494505494505495}, "French_acc": {"accuracy": 0.5755494505494505}, "German_acc": {"accuracy": 0.009615384615384616}, "Hindi_acc": {"accuracy": 0.4835164835164835}, "Italian_acc": {"accuracy": 0.38461538461538464}, "Marathi_acc": {"accuracy": 0.07142857142857142}, "Polish_acc": {"accuracy": 0.005494505494505495}, "Romanian_acc": {"accuracy": 0.008241758241758242}, "Russian_acc": {"accuracy": 0.28983516483516486}, "Spanish_acc": {"accuracy": 0.39697802197802196}}