{"aggregate_acc": {"accuracy": 0.40496222527472525}, "Arabic_acc": {"accuracy": 0.3901098901098901}, "Bengali_acc": {"accuracy": 0.3914835164835165}, "Brazilian Portuguese_acc": {"accuracy": 0.3983516483516483}, "Chinese_acc": {"accuracy": 0.3901098901098901}, "Traditional Chinese_acc": {"accuracy": 0.3173076923076923}, "Dutch_acc": {"accuracy": 0.5425824175824175}, "English_acc": {"accuracy": 0.4175824175824176}, "French_acc": {"accuracy": 0.46291208791208793}, "German_acc": {"accuracy": 0.3914835164835165}, "Hindi_acc": {"accuracy": 0.37362637362637363}, "Italian_acc": {"accuracy": 0.260989010989011}, "Marathi_acc": {"accuracy": 0.5137362637362637}, "Polish_acc": {"accuracy": 0.3956043956043956}, "Romanian_acc": {"accuracy": 0.41208791208791207}, "Russian_acc": {"accuracy": 0.42994505494505497}, "Spanish_acc": {"accuracy": 0.3914835164835165}}