{"aggregate_acc": {"accuracy": 0.43063186813186816}, "Arabic_acc": {"accuracy": 0.4958791208791209}, "Bengali_acc": {"accuracy": 0.26373626373626374}, "Brazilian Portuguese_acc": {"accuracy": 0.5068681318681318}, "Chinese_acc": {"accuracy": 0.4381868131868132}, "Traditional Chinese_acc": {"accuracy": 0.4423076923076923}, "Dutch_acc": {"accuracy": 0.5013736263736264}, "English_acc": {"accuracy": 0.5096153846153846}, "French_acc": {"accuracy": 0.5412087912087912}, "German_acc": {"accuracy": 0.4381868131868132}, "Hindi_acc": {"accuracy": 0.23076923076923078}, "Italian_acc": {"accuracy": 0.5865384615384616}, "Marathi_acc": {"accuracy": 0.1813186813186813}, "Polish_acc": {"accuracy": 0.4684065934065934}, "Romanian_acc": {"accuracy": 0.4409340659340659}, "Russian_acc": {"accuracy": 0.28296703296703296}, "Spanish_acc": {"accuracy": 0.5618131868131868}}