{"aggregate_acc": {"accuracy": 0.41208791208791207}, "Arabic_acc": {"accuracy": 0.3557692307692308}, "Bengali_acc": {"accuracy": 0.3516483516483517}, "Brazilian Portuguese_acc": {"accuracy": 0.5480769230769231}, "Chinese_acc": {"accuracy": 0.5439560439560439}, "Traditional Chinese_acc": {"accuracy": 0.5618131868131868}, "Dutch_acc": {"accuracy": 0.17994505494505494}, "English_acc": {"accuracy": 0.5384615384615384}, "French_acc": {"accuracy": 0.554945054945055}, "German_acc": {"accuracy": 0.47527472527472525}, "Hindi_acc": {"accuracy": 0.4739010989010989}, "Italian_acc": {"accuracy": 0.5576923076923077}, "Marathi_acc": {"accuracy": 0.11126373626373626}, "Polish_acc": {"accuracy": 0.01510989010989011}, "Romanian_acc": {"accuracy": 0.14560439560439561}, "Russian_acc": {"accuracy": 0.6043956043956044}, "Spanish_acc": {"accuracy": 0.5755494505494505}}