{"aggregate_acc": {"accuracy": 0.3987809065934066}, "Arabic_acc": {"accuracy": 0.44642857142857145}, "Bengali_acc": {"accuracy": 0.41483516483516486}, "Brazilian Portuguese_acc": {"accuracy": 0.4835164835164835}, "Chinese_acc": {"accuracy": 0.48626373626373626}, "Traditional Chinese_acc": {"accuracy": 0.489010989010989}, "Dutch_acc": {"accuracy": 0.15934065934065933}, "English_acc": {"accuracy": 0.5123626373626373}, "French_acc": {"accuracy": 0.4793956043956044}, "German_acc": {"accuracy": 0.49862637362637363}, "Hindi_acc": {"accuracy": 0.4876373626373626}, "Italian_acc": {"accuracy": 0.603021978021978}, "Marathi_acc": {"accuracy": 0.08379120879120878}, "Polish_acc": {"accuracy": 0.01098901098901099}, "Romanian_acc": {"accuracy": 0.08379120879120878}, "Russian_acc": {"accuracy": 0.6057692307692307}, "Spanish_acc": {"accuracy": 0.5357142857142857}}