{"aggregate_acc": {"accuracy": 0.4383585164835165}, "Arabic_acc": {"accuracy": 0.5096153846153846}, "Bengali_acc": {"accuracy": 0.18269230769230768}, "Brazilian Portuguese_acc": {"accuracy": 0.46565934065934067}, "Chinese_acc": {"accuracy": 0.4368131868131868}, "Traditional Chinese_acc": {"accuracy": 0.4107142857142857}, "Dutch_acc": {"accuracy": 0.5755494505494505}, "English_acc": {"accuracy": 0.5906593406593407}, "French_acc": {"accuracy": 0.5961538461538461}, "German_acc": {"accuracy": 0.43131868131868134}, "Hindi_acc": {"accuracy": 0.44505494505494503}, "Italian_acc": {"accuracy": 0.4175824175824176}, "Marathi_acc": {"accuracy": 0.013736263736263736}, "Polish_acc": {"accuracy": 0.5755494505494505}, "Romanian_acc": {"accuracy": 0.43131868131868134}, "Russian_acc": {"accuracy": 0.5412087912087912}, "Spanish_acc": {"accuracy": 0.3901098901098901}}