{"aggregate_acc": {"accuracy": 0.3428914835164835}, "Arabic_acc": {"accuracy": 0.2032967032967033}, "Bengali_acc": {"accuracy": 0.04120879120879121}, "Brazilian Portuguese_acc": {"accuracy": 0.4065934065934066}, "Chinese_acc": {"accuracy": 0.38461538461538464}, "Traditional Chinese_acc": {"accuracy": 0.385989010989011}, "Dutch_acc": {"accuracy": 0.5494505494505495}, "English_acc": {"accuracy": 0.38873626373626374}, "French_acc": {"accuracy": 0.3873626373626374}, "German_acc": {"accuracy": 0.5604395604395604}, "Hindi_acc": {"accuracy": 0.13598901098901098}, "Italian_acc": {"accuracy": 0.3901098901098901}, "Marathi_acc": {"accuracy": 0.012362637362637362}, "Polish_acc": {"accuracy": 0.2184065934065934}, "Romanian_acc": {"accuracy": 0.43543956043956045}, "Russian_acc": {"accuracy": 0.5837912087912088}, "Spanish_acc": {"accuracy": 0.4024725274725275}}