{"aggregate_acc": {"accuracy": 0.36658653846153844}, "Arabic_acc": {"accuracy": 0.3956043956043956}, "Bengali_acc": {"accuracy": 0.03708791208791209}, "Brazilian Portuguese_acc": {"accuracy": 0.3956043956043956}, "Chinese_acc": {"accuracy": 0.37637362637362637}, "Traditional Chinese_acc": {"accuracy": 0.37362637362637363}, "Dutch_acc": {"accuracy": 0.39972527472527475}, "English_acc": {"accuracy": 0.3942307692307692}, "French_acc": {"accuracy": 0.36538461538461536}, "German_acc": {"accuracy": 0.4052197802197802}, "Hindi_acc": {"accuracy": 0.36675824175824173}, "Italian_acc": {"accuracy": 0.41346153846153844}, "Marathi_acc": {"accuracy": 0.4574175824175824}, "Polish_acc": {"accuracy": 0.385989010989011}, "Romanian_acc": {"accuracy": 0.2554945054945055}, "Russian_acc": {"accuracy": 0.4423076923076923}, "Spanish_acc": {"accuracy": 0.4010989010989011}}