{"aggregate_acc": {"accuracy": 0.34546703296703296}, "Arabic_acc": {"accuracy": 0.5494505494505495}, "Bengali_acc": {"accuracy": 0.41208791208791207}, "Brazilian Portuguese_acc": {"accuracy": 0.40384615384615385}, "Chinese_acc": {"accuracy": 0.4478021978021978}, "Traditional Chinese_acc": {"accuracy": 0.4381868131868132}, "Dutch_acc": {"accuracy": 0.15247252747252749}, "English_acc": {"accuracy": 0.4958791208791209}, "French_acc": {"accuracy": 0.4807692307692308}, "German_acc": {"accuracy": 0.2651098901098901}, "Hindi_acc": {"accuracy": 0.4230769230769231}, "Italian_acc": {"accuracy": 0.4065934065934066}, "Marathi_acc": {"accuracy": 0.08379120879120878}, "Polish_acc": {"accuracy": 0.006868131868131868}, "Romanian_acc": {"accuracy": 0.08516483516483517}, "Russian_acc": {"accuracy": 0.3914835164835165}, "Spanish_acc": {"accuracy": 0.4848901098901099}}