{"aggregate_acc": {"accuracy": 0.38410027472527475}, "Arabic_acc": {"accuracy": 0.16758241758241757}, "Bengali_acc": {"accuracy": 0.034340659340659344}, "Brazilian Portuguese_acc": {"accuracy": 0.5879120879120879}, "Chinese_acc": {"accuracy": 0.5975274725274725}, "Traditional Chinese_acc": {"accuracy": 0.5947802197802198}, "Dutch_acc": {"accuracy": 0.38324175824175827}, "English_acc": {"accuracy": 0.41346153846153844}, "French_acc": {"accuracy": 0.489010989010989}, "German_acc": {"accuracy": 0.43543956043956045}, "Hindi_acc": {"accuracy": 0.21428571428571427}, "Italian_acc": {"accuracy": 0.48214285714285715}, "Marathi_acc": {"accuracy": 0.006868131868131868}, "Polish_acc": {"accuracy": 0.36126373626373626}, "Romanian_acc": {"accuracy": 0.4107142857142857}, "Russian_acc": {"accuracy": 0.37774725274725274}, "Spanish_acc": {"accuracy": 0.5892857142857143}}