{"aggregate_acc": {"accuracy": 0.3337637741046832}, "Arabic_acc": {"accuracy": 0.05509641873278237}, "Bengali_acc": {"accuracy": 0.3581267217630854}, "Brazilian Portuguese_acc": {"accuracy": 0.40633608815426997}, "Chinese_acc": {"accuracy": 0.47796143250688705}, "Traditional Chinese_acc": {"accuracy": 0.1115702479338843}, "Dutch_acc": {"accuracy": 0.2162534435261708}, "English_acc": {"accuracy": 0.4035812672176309}, "French_acc": {"accuracy": 0.2190082644628099}, "German_acc": {"accuracy": 0.571625344352617}, "Hindi_acc": {"accuracy": 0.41046831955922863}, "Italian_acc": {"accuracy": 0.33608815426997246}, "Marathi_acc": {"accuracy": 0.3347107438016529}, "Polish_acc": {"accuracy": 0.43526170798898073}, "Romanian_acc": {"accuracy": 0.371900826446281}, "Russian_acc": {"accuracy": 0.3622589531680441}, "Spanish_acc": {"accuracy": 0.2699724517906336}}