{"aggregate_acc": {"accuracy": 0.31192396313364057}, "Arabic_acc": {"accuracy": 0.043010752688172046}, "Bengali_acc": {"accuracy": 0.14592933947772657}, "Brazilian Portuguese_acc": {"accuracy": 0.434715821812596}, "Chinese_acc": {"accuracy": 0.34715821812596004}, "Traditional Chinese_acc": {"accuracy": 0.3317972350230415}, "Dutch_acc": {"accuracy": 0.29185867895545314}, "English_acc": {"accuracy": 0.402457757296467}, "French_acc": {"accuracy": 0.31643625192012287}, "German_acc": {"accuracy": 0.42857142857142855}, "Hindi_acc": {"accuracy": 0.0445468509984639}, "Italian_acc": {"accuracy": 0.522273425499232}, "Marathi_acc": {"accuracy": 0.010752688172043012}, "Polish_acc": {"accuracy": 0.46697388632872505}, "Romanian_acc": {"accuracy": 0.5145929339477726}, "Russian_acc": {"accuracy": 0.4500768049155146}, "Spanish_acc": {"accuracy": 0.23963133640552994}}