{"aggregate_acc": {"accuracy": 0.2807334710743802}, "Arabic_acc": {"accuracy": 0.05922865013774105}, "Bengali_acc": {"accuracy": 0.3002754820936639}, "Brazilian Portuguese_acc": {"accuracy": 0.39669421487603307}, "Chinese_acc": {"accuracy": 0.5013774104683195}, "Traditional Chinese_acc": {"accuracy": 0.5055096418732782}, "Dutch_acc": {"accuracy": 0.0013774104683195593}, "English_acc": {"accuracy": 0.581267217630854}, "French_acc": {"accuracy": 0.43112947658402206}, "German_acc": {"accuracy": 0.009641873278236915}, "Hindi_acc": {"accuracy": 0.37327823691460055}, "Italian_acc": {"accuracy": 0.6019283746556474}, "Marathi_acc": {"accuracy": 0.06060606060606061}, "Polish_acc": {"accuracy": 0.0027548209366391185}, "Romanian_acc": {"accuracy": 0.005509641873278237}, "Russian_acc": {"accuracy": 0.37052341597796146}, "Spanish_acc": {"accuracy": 0.290633608815427}}