{"aggregate_acc": {"accuracy": 0.2772038567493113}, "Arabic_acc": {"accuracy": 0.046831955922865015}, "Bengali_acc": {"accuracy": 0.26859504132231404}, "Brazilian Portuguese_acc": {"accuracy": 0.3856749311294766}, "Chinese_acc": {"accuracy": 0.40771349862258954}, "Traditional Chinese_acc": {"accuracy": 0.41597796143250687}, "Dutch_acc": {"accuracy": 0.08264462809917356}, "English_acc": {"accuracy": 0.5041322314049587}, "French_acc": {"accuracy": 0.39669421487603307}, "German_acc": {"accuracy": 0.26584022038567495}, "Hindi_acc": {"accuracy": 0.4132231404958678}, "Italian_acc": {"accuracy": 0.40633608815426997}, "Marathi_acc": {"accuracy": 0.08264462809917356}, "Polish_acc": {"accuracy": 0.006887052341597796}, "Romanian_acc": {"accuracy": 0.07988980716253444}, "Russian_acc": {"accuracy": 0.38980716253443526}, "Spanish_acc": {"accuracy": 0.28236914600550966}}