{"aggregate_acc": {"accuracy": 0.3514979338842975}, "Arabic_acc": {"accuracy": 0.09504132231404959}, "Bengali_acc": {"accuracy": 0.34573002754820936}, "Brazilian Portuguese_acc": {"accuracy": 0.39944903581267216}, "Chinese_acc": {"accuracy": 0.3746556473829201}, "Traditional Chinese_acc": {"accuracy": 0.30303030303030304}, "Dutch_acc": {"accuracy": 0.31129476584022037}, "English_acc": {"accuracy": 0.418732782369146}, "French_acc": {"accuracy": 0.38980716253443526}, "German_acc": {"accuracy": 0.39118457300275483}, "Hindi_acc": {"accuracy": 0.3760330578512397}, "Italian_acc": {"accuracy": 0.25757575757575757}, "Marathi_acc": {"accuracy": 0.509641873278237}, "Polish_acc": {"accuracy": 0.39669421487603307}, "Romanian_acc": {"accuracy": 0.3939393939393939}, "Russian_acc": {"accuracy": 0.4228650137741047}, "Spanish_acc": {"accuracy": 0.23829201101928374}}