{"aggregate_acc": {"accuracy": 0.28891184573002754}, "Arabic_acc": {"accuracy": 0.01928374655647383}, "Bengali_acc": {"accuracy": 0.03305785123966942}, "Brazilian Portuguese_acc": {"accuracy": 0.3856749311294766}, "Chinese_acc": {"accuracy": 0.3691460055096419}, "Traditional Chinese_acc": {"accuracy": 0.3677685950413223}, "Dutch_acc": {"accuracy": 0.29476584022038566}, "English_acc": {"accuracy": 0.39118457300275483}, "French_acc": {"accuracy": 0.32920110192837465}, "German_acc": {"accuracy": 0.5440771349862259}, "Hindi_acc": {"accuracy": 0.13360881542699724}, "Italian_acc": {"accuracy": 0.38980716253443526}, "Marathi_acc": {"accuracy": 0.011019283746556474}, "Polish_acc": {"accuracy": 0.2190082644628099}, "Romanian_acc": {"accuracy": 0.3650137741046832}, "Russian_acc": {"accuracy": 0.5316804407713499}, "Spanish_acc": {"accuracy": 0.23829201101928374}}