{"aggregate_acc": {"accuracy": 0.3153409090909091}, "Arabic_acc": {"accuracy": 0.015151515151515152}, "Bengali_acc": {"accuracy": 0.05647382920110193}, "Brazilian Portuguese_acc": {"accuracy": 0.418732782369146}, "Chinese_acc": {"accuracy": 0.5055096418732782}, "Traditional Chinese_acc": {"accuracy": 0.4986225895316804}, "Dutch_acc": {"accuracy": 0.34710743801652894}, "English_acc": {"accuracy": 0.03305785123966942}, "French_acc": {"accuracy": 0.44490358126721763}, "German_acc": {"accuracy": 0.5895316804407713}, "Hindi_acc": {"accuracy": 0.03856749311294766}, "Italian_acc": {"accuracy": 0.4366391184573003}, "Marathi_acc": {"accuracy": 0.02066115702479339}, "Polish_acc": {"accuracy": 0.39118457300275483}, "Romanian_acc": {"accuracy": 0.45179063360881544}, "Russian_acc": {"accuracy": 0.546831955922865}, "Spanish_acc": {"accuracy": 0.25068870523415976}}