{"aggregate_acc": {"accuracy": 0.2644969278033794}, "Arabic_acc": {"accuracy": 0.021505376344086023}, "Bengali_acc": {"accuracy": 0.2980030721966206}, "Brazilian Portuguese_acc": {"accuracy": 0.17050691244239632}, "Chinese_acc": {"accuracy": 0.46390168970814133}, "Traditional Chinese_acc": {"accuracy": 0.434715821812596}, "Dutch_acc": {"accuracy": 0.11827956989247312}, "English_acc": {"accuracy": 0.17050691244239632}, "French_acc": {"accuracy": 0.30568356374807987}, "German_acc": {"accuracy": 0.3533026113671275}, "Hindi_acc": {"accuracy": 0.20583717357910905}, "Italian_acc": {"accuracy": 0.3579109062980031}, "Marathi_acc": {"accuracy": 0.2626728110599078}, "Polish_acc": {"accuracy": 0.282642089093702}, "Romanian_acc": {"accuracy": 0.4270353302611367}, "Russian_acc": {"accuracy": 0.1966205837173579}, "Spanish_acc": {"accuracy": 0.16282642089093702}}