{"aggregate_acc": {"accuracy": 0.2587809917355372}, "Arabic_acc": {"accuracy": 0.03443526170798898}, "Bengali_acc": {"accuracy": 0.012396694214876033}, "Brazilian Portuguese_acc": {"accuracy": 0.39118457300275483}, "Chinese_acc": {"accuracy": 0.3526170798898072}, "Traditional Chinese_acc": {"accuracy": 0.38705234159779617}, "Dutch_acc": {"accuracy": 0.16942148760330578}, "English_acc": {"accuracy": 0.2713498622589532}, "French_acc": {"accuracy": 0.15702479338842976}, "German_acc": {"accuracy": 0.25068870523415976}, "Hindi_acc": {"accuracy": 0.3305785123966942}, "Italian_acc": {"accuracy": 0.41460055096418735}, "Marathi_acc": {"accuracy": 0.43526170798898073}, "Polish_acc": {"accuracy": 0.3347107438016529}, "Romanian_acc": {"accuracy": 0.18732782369146006}, "Russian_acc": {"accuracy": 0.1887052341597796}, "Spanish_acc": {"accuracy": 0.2231404958677686}}