{"aggregate_acc": {"accuracy": 0.15937019969278035}, "Arabic_acc": {"accuracy": 0.039938556067588324}, "Bengali_acc": {"accuracy": 0.0015360983102918587}, "Brazilian Portuguese_acc": {"accuracy": 0.1966205837173579}, "Chinese_acc": {"accuracy": 0.0629800307219662}, "Traditional Chinese_acc": {"accuracy": 0.047619047619047616}, "Dutch_acc": {"accuracy": 0.11981566820276497}, "English_acc": {"accuracy": 0.1443932411674347}, "French_acc": {"accuracy": 0.07373271889400922}, "German_acc": {"accuracy": 0.06758832565284179}, "Hindi_acc": {"accuracy": 0.2519201228878648}, "Italian_acc": {"accuracy": 0.4608294930875576}, "Marathi_acc": {"accuracy": 0.2980030721966206}, "Polish_acc": {"accuracy": 0.23348694316436253}, "Romanian_acc": {"accuracy": 0.18125960061443933}, "Russian_acc": {"accuracy": 0.1827956989247312}, "Spanish_acc": {"accuracy": 0.18740399385560677}}