{"aggregate_acc": {"accuracy": 0.3924731182795699}, "Arabic_acc": {"accuracy": 0.026113671274961597}, "Bengali_acc": {"accuracy": 0.07834101382488479}, "Brazilian Portuguese_acc": {"accuracy": 0.2519201228878648}, "Chinese_acc": {"accuracy": 0.5745007680491552}, "Traditional Chinese_acc": {"accuracy": 0.49615975422427033}, "Dutch_acc": {"accuracy": 0.27035330261136714}, "English_acc": {"accuracy": 0.5729646697388633}, "French_acc": {"accuracy": 0.4930875576036866}, "German_acc": {"accuracy": 0.5560675883256528}, "Hindi_acc": {"accuracy": 0.38556067588325654}, "Italian_acc": {"accuracy": 0.6098310291858678}, "Marathi_acc": {"accuracy": 0.3763440860215054}, "Polish_acc": {"accuracy": 0.5253456221198156}, "Romanian_acc": {"accuracy": 0.32565284178187404}, "Russian_acc": {"accuracy": 0.4715821812596006}, "Spanish_acc": {"accuracy": 0.26574500768049153}}