{"aggregate_acc": {"accuracy": 0.2539600550964187}, "Arabic_acc": {"accuracy": 0.05922865013774105}, "Bengali_acc": {"accuracy": 0.30991735537190085}, "Brazilian Portuguese_acc": {"accuracy": 0.5179063360881543}, "Chinese_acc": {"accuracy": 0.41046831955922863}, "Traditional Chinese_acc": {"accuracy": 0.29614325068870523}, "Dutch_acc": {"accuracy": 0.0027548209366391185}, "English_acc": {"accuracy": 0.5440771349862259}, "French_acc": {"accuracy": 0.43526170798898073}, "German_acc": {"accuracy": 0.009641873278236915}, "Hindi_acc": {"accuracy": 0.48484848484848486}, "Italian_acc": {"accuracy": 0.3856749311294766}, "Marathi_acc": {"accuracy": 0.07024793388429752}, "Polish_acc": {"accuracy": 0.005509641873278237}, "Romanian_acc": {"accuracy": 0.006887052341597796}, "Russian_acc": {"accuracy": 0.28512396694214875}, "Spanish_acc": {"accuracy": 0.2396694214876033}}