{"aggregate_acc": {"accuracy": 0.3337637741046832}, "Arabic_acc": {"accuracy": 0.04269972451790634}, "Bengali_acc": {"accuracy": 0.26859504132231404}, "Brazilian Portuguese_acc": {"accuracy": 0.5}, "Chinese_acc": {"accuracy": 0.4641873278236915}, "Traditional Chinese_acc": {"accuracy": 0.4738292011019284}, "Dutch_acc": {"accuracy": 0.08264462809917356}, "English_acc": {"accuracy": 0.5426997245179064}, "French_acc": {"accuracy": 0.4325068870523416}, "German_acc": {"accuracy": 0.46005509641873277}, "Hindi_acc": {"accuracy": 0.4696969696969697}, "Italian_acc": {"accuracy": 0.5550964187327824}, "Marathi_acc": {"accuracy": 0.10330578512396695}, "Polish_acc": {"accuracy": 0.012396694214876033}, "Romanian_acc": {"accuracy": 0.10881542699724518}, "Russian_acc": {"accuracy": 0.546831955922865}, "Spanish_acc": {"accuracy": 0.2768595041322314}}