{"aggregate_acc": {"accuracy": 0.30568356374807987}, "Arabic_acc": {"accuracy": 0.02457757296466974}, "Bengali_acc": {"accuracy": 0.1858678955453149}, "Brazilian Portuguese_acc": {"accuracy": 0.4823348694316436}, "Chinese_acc": {"accuracy": 0.5391705069124424}, "Traditional Chinese_acc": {"accuracy": 0.45314900153609833}, "Dutch_acc": {"accuracy": 0.21044546850998463}, "English_acc": {"accuracy": 0.35176651305683565}, "French_acc": {"accuracy": 0.2964669738863287}, "German_acc": {"accuracy": 0.43317972350230416}, "Hindi_acc": {"accuracy": 0.07526881720430108}, "Italian_acc": {"accuracy": 0.37019969278033793}, "Marathi_acc": {"accuracy": 0.015360983102918587}, "Polish_acc": {"accuracy": 0.4423963133640553}, "Romanian_acc": {"accuracy": 0.423963133640553}, "Russian_acc": {"accuracy": 0.37019969278033793}, "Spanish_acc": {"accuracy": 0.21658986175115208}}