{"aggregate_acc": {"accuracy": 0.3461604683195592}, "Arabic_acc": {"accuracy": 0.05509641873278237}, "Bengali_acc": {"accuracy": 0.1721763085399449}, "Brazilian Portuguese_acc": {"accuracy": 0.45179063360881544}, "Chinese_acc": {"accuracy": 0.40082644628099173}, "Traditional Chinese_acc": {"accuracy": 0.4090909090909091}, "Dutch_acc": {"accuracy": 0.27548209366391185}, "English_acc": {"accuracy": 0.509641873278237}, "French_acc": {"accuracy": 0.4132231404958678}, "German_acc": {"accuracy": 0.4283746556473829}, "Hindi_acc": {"accuracy": 0.2327823691460055}, "Italian_acc": {"accuracy": 0.5867768595041323}, "Marathi_acc": {"accuracy": 0.17768595041322313}, "Polish_acc": {"accuracy": 0.4641873278236915}, "Romanian_acc": {"accuracy": 0.40082644628099173}, "Russian_acc": {"accuracy": 0.27823691460055094}, "Spanish_acc": {"accuracy": 0.28236914600550966}}