{"aggregate_acc": {"accuracy": 0.2403993855606759}, "Arabic_acc": {"accuracy": 0.009216589861751152}, "Bengali_acc": {"accuracy": 0.15053763440860216}, "Brazilian Portuguese_acc": {"accuracy": 0.141321044546851}, "Chinese_acc": {"accuracy": 0.42242703533026116}, "Traditional Chinese_acc": {"accuracy": 0.3870967741935484}, "Dutch_acc": {"accuracy": 0.0629800307219662}, "English_acc": {"accuracy": 0.282642089093702}, "French_acc": {"accuracy": 0.2903225806451613}, "German_acc": {"accuracy": 0.3195084485407066}, "Hindi_acc": {"accuracy": 0.13517665130568357}, "Italian_acc": {"accuracy": 0.4270353302611367}, "Marathi_acc": {"accuracy": 0.19815668202764977}, "Polish_acc": {"accuracy": 0.31643625192012287}, "Romanian_acc": {"accuracy": 0.37019969278033793}, "Russian_acc": {"accuracy": 0.21658986175115208}, "Spanish_acc": {"accuracy": 0.11674347158218126}}