{"aggregate_acc": {"accuracy": 0.33563748079877115}, "Arabic_acc": {"accuracy": 0.07219662058371736}, "Bengali_acc": {"accuracy": 0.1889400921658986}, "Brazilian Portuguese_acc": {"accuracy": 0.4731182795698925}, "Chinese_acc": {"accuracy": 0.423963133640553}, "Traditional Chinese_acc": {"accuracy": 0.38863287250384027}, "Dutch_acc": {"accuracy": 0.16897081413210446}, "English_acc": {"accuracy": 0.5576036866359447}, "French_acc": {"accuracy": 0.38095238095238093}, "German_acc": {"accuracy": 0.5238095238095238}, "Hindi_acc": {"accuracy": 0.5514592933947773}, "Italian_acc": {"accuracy": 0.5253456221198156}, "Marathi_acc": {"accuracy": 0.07526881720430108}, "Polish_acc": {"accuracy": 0.22427035330261136}, "Romanian_acc": {"accuracy": 0.004608294930875576}, "Russian_acc": {"accuracy": 0.4930875576036866}, "Spanish_acc": {"accuracy": 0.31797235023041476}}