{"aggregate_acc": {"accuracy": 0.3819731404958678}, "Arabic_acc": {"accuracy": 0.08539944903581267}, "Bengali_acc": {"accuracy": 0.3581267217630854}, "Brazilian Portuguese_acc": {"accuracy": 0.4696969696969697}, "Chinese_acc": {"accuracy": 0.3526170798898072}, "Traditional Chinese_acc": {"accuracy": 0.29614325068870523}, "Dutch_acc": {"accuracy": 0.34297520661157027}, "English_acc": {"accuracy": 0.5413223140495868}, "French_acc": {"accuracy": 0.30578512396694213}, "German_acc": {"accuracy": 0.43526170798898073}, "Hindi_acc": {"accuracy": 0.45454545454545453}, "Italian_acc": {"accuracy": 0.3402203856749311}, "Marathi_acc": {"accuracy": 0.44214876033057854}, "Polish_acc": {"accuracy": 0.46143250688705234}, "Romanian_acc": {"accuracy": 0.45179063360881544}, "Russian_acc": {"accuracy": 0.5206611570247934}, "Spanish_acc": {"accuracy": 0.2534435261707989}}