{"aggregate_acc": {"accuracy": 0.4375}, "Arabic_acc": {"accuracy": 0.0}, "Bengali_acc": {"accuracy": 0.3333333333333333}, "Brazilian Portuguese_acc": {"accuracy": 0.6666666666666666}, "Chinese_acc": {"accuracy": 0.6666666666666666}, "Traditional Chinese_acc": {"accuracy": 0.6666666666666666}, "Dutch_acc": {"accuracy": 0.0}, "English_acc": {"accuracy": 0.6666666666666666}, "French_acc": {"accuracy": 0.6666666666666666}, "German_acc": {"accuracy": 0.6666666666666666}, "Hindi_acc": {"accuracy": 0.6666666666666666}, "Italian_acc": {"accuracy": 1.0}, "Marathi_acc": {"accuracy": 0.0}, "Polish_acc": {"accuracy": 0.3333333333333333}, "Romanian_acc": {"accuracy": 0.0}, "Russian_acc": {"accuracy": 0.3333333333333333}, "Spanish_acc": {"accuracy": 0.3333333333333333}}