{"aggregate_acc": {"accuracy": 0.4089187327823691}, "Arabic_acc": {"accuracy": 0.026170798898071626}, "Bengali_acc": {"accuracy": 0.34573002754820936}, "Brazilian Portuguese_acc": {"accuracy": 0.5647382920110193}, "Chinese_acc": {"accuracy": 0.418732782369146}, "Traditional Chinese_acc": {"accuracy": 0.38016528925619836}, "Dutch_acc": {"accuracy": 0.3278236914600551}, "English_acc": {"accuracy": 0.6074380165289256}, "French_acc": {"accuracy": 0.4972451790633609}, "German_acc": {"accuracy": 0.5881542699724518}, "Hindi_acc": {"accuracy": 0.325068870523416}, "Italian_acc": {"accuracy": 0.6460055096418733}, "Marathi_acc": {"accuracy": 0.10743801652892562}, "Polish_acc": {"accuracy": 0.5564738292011019}, "Romanian_acc": {"accuracy": 0.3760330578512397}, "Russian_acc": {"accuracy": 0.5426997245179064}, "Spanish_acc": {"accuracy": 0.2327823691460055}}