{"aggregate_acc": {"accuracy": 0.3184400826446281}, "Arabic_acc": {"accuracy": 0.030303030303030304}, "Bengali_acc": {"accuracy": 0.03168044077134986}, "Brazilian Portuguese_acc": {"accuracy": 0.5206611570247934}, "Chinese_acc": {"accuracy": 0.49586776859504134}, "Traditional Chinese_acc": {"accuracy": 0.49449035812672176}, "Dutch_acc": {"accuracy": 0.21212121212121213}, "English_acc": {"accuracy": 0.4118457300275482}, "French_acc": {"accuracy": 0.384297520661157}, "German_acc": {"accuracy": 0.43112947658402206}, "Hindi_acc": {"accuracy": 0.21487603305785125}, "Italian_acc": {"accuracy": 0.4807162534435262}, "Marathi_acc": {"accuracy": 0.006887052341597796}, "Polish_acc": {"accuracy": 0.32920110192837465}, "Romanian_acc": {"accuracy": 0.384297520661157}, "Russian_acc": {"accuracy": 0.3774104683195592}, "Spanish_acc": {"accuracy": 0.2892561983471074}}