{"aggregate_acc": {"accuracy": 0.35186251920122885}, "Arabic_acc": {"accuracy": 0.06605222734254992}, "Bengali_acc": {"accuracy": 0.1966205837173579}, "Brazilian Portuguese_acc": {"accuracy": 0.5268817204301075}, "Chinese_acc": {"accuracy": 0.45468509984639016}, "Traditional Chinese_acc": {"accuracy": 0.4116743471582181}, "Dutch_acc": {"accuracy": 0.15668202764976957}, "English_acc": {"accuracy": 0.533026113671275}, "French_acc": {"accuracy": 0.3686635944700461}, "German_acc": {"accuracy": 0.5453149001536098}, "Hindi_acc": {"accuracy": 0.5391705069124424}, "Italian_acc": {"accuracy": 0.5284178187403994}, "Marathi_acc": {"accuracy": 0.07834101382488479}, "Polish_acc": {"accuracy": 0.19508448540706605}, "Romanian_acc": {"accuracy": 0.21658986175115208}, "Russian_acc": {"accuracy": 0.5038402457757296}, "Spanish_acc": {"accuracy": 0.3087557603686636}}