{"aggregate_acc": {"accuracy": 0.28538223140495866}, "Arabic_acc": {"accuracy": 0.03856749311294766}, "Bengali_acc": {"accuracy": 0.013774104683195593}, "Brazilian Portuguese_acc": {"accuracy": 0.49173553719008267}, "Chinese_acc": {"accuracy": 0.46005509641873277}, "Traditional Chinese_acc": {"accuracy": 0.4793388429752066}, "Dutch_acc": {"accuracy": 0.174931129476584}, "English_acc": {"accuracy": 0.174931129476584}, "French_acc": {"accuracy": 0.15977961432506887}, "German_acc": {"accuracy": 0.25757575757575757}, "Hindi_acc": {"accuracy": 0.4283746556473829}, "Italian_acc": {"accuracy": 0.4738292011019284}, "Marathi_acc": {"accuracy": 0.3181818181818182}, "Polish_acc": {"accuracy": 0.4559228650137741}, "Romanian_acc": {"accuracy": 0.26170798898071623}, "Russian_acc": {"accuracy": 0.2327823691460055}, "Spanish_acc": {"accuracy": 0.1446280991735537}}