{"aggregate_acc": {"accuracy": 0.32231404958677684}, "Arabic_acc": {"accuracy": 0.04269972451790634}, "Bengali_acc": {"accuracy": 0.2865013774104683}, "Brazilian Portuguese_acc": {"accuracy": 0.45179063360881544}, "Chinese_acc": {"accuracy": 0.4228650137741047}, "Traditional Chinese_acc": {"accuracy": 0.4297520661157025}, "Dutch_acc": {"accuracy": 0.07713498622589532}, "English_acc": {"accuracy": 0.5137741046831956}, "French_acc": {"accuracy": 0.3787878787878788}, "German_acc": {"accuracy": 0.4820936639118457}, "Hindi_acc": {"accuracy": 0.4807162534435262}, "Italian_acc": {"accuracy": 0.6101928374655647}, "Marathi_acc": {"accuracy": 0.07988980716253444}, "Polish_acc": {"accuracy": 0.012396694214876033}, "Romanian_acc": {"accuracy": 0.0674931129476584}, "Russian_acc": {"accuracy": 0.546831955922865}, "Spanish_acc": {"accuracy": 0.2741046831955923}}