{"aggregate_acc": {"accuracy": 0.2896505376344086}, "Arabic_acc": {"accuracy": 0.05069124423963134}, "Bengali_acc": {"accuracy": 0.11674347158218126}, "Brazilian Portuguese_acc": {"accuracy": 0.4792626728110599}, "Chinese_acc": {"accuracy": 0.3640552995391705}, "Traditional Chinese_acc": {"accuracy": 0.38095238095238093}, "Dutch_acc": {"accuracy": 0.09523809523809523}, "English_acc": {"accuracy": 0.434715821812596}, "French_acc": {"accuracy": 0.37327188940092165}, "German_acc": {"accuracy": 0.38863287250384027}, "Hindi_acc": {"accuracy": 0.4270353302611367}, "Italian_acc": {"accuracy": 0.4055299539170507}, "Marathi_acc": {"accuracy": 0.06912442396313365}, "Polish_acc": {"accuracy": 0.22119815668202766}, "Romanian_acc": {"accuracy": 0.13671274961597543}, "Russian_acc": {"accuracy": 0.41013824884792627}, "Spanish_acc": {"accuracy": 0.28110599078341014}}