{"aggregate_acc": {"accuracy": 0.3178374655647383}, "Arabic_acc": {"accuracy": 0.09228650137741047}, "Bengali_acc": {"accuracy": 0.030303030303030304}, "Brazilian Portuguese_acc": {"accuracy": 0.39118457300275483}, "Chinese_acc": {"accuracy": 0.3608815426997245}, "Traditional Chinese_acc": {"accuracy": 0.3581267217630854}, "Dutch_acc": {"accuracy": 0.21212121212121213}, "English_acc": {"accuracy": 0.3884297520661157}, "French_acc": {"accuracy": 0.31955922865013775}, "German_acc": {"accuracy": 0.4049586776859504}, "Hindi_acc": {"accuracy": 0.3691460055096419}, "Italian_acc": {"accuracy": 0.41460055096418735}, "Marathi_acc": {"accuracy": 0.4490358126721763}, "Polish_acc": {"accuracy": 0.38705234159779617}, "Romanian_acc": {"accuracy": 0.24517906336088155}, "Russian_acc": {"accuracy": 0.4256198347107438}, "Spanish_acc": {"accuracy": 0.2369146005509642}}