{"aggregate_acc": {"accuracy": 0.2675619834710744}, "Arabic_acc": {"accuracy": 0.06887052341597796}, "Bengali_acc": {"accuracy": 0.3181818181818182}, "Brazilian Portuguese_acc": {"accuracy": 0.40633608815426997}, "Chinese_acc": {"accuracy": 0.4393939393939394}, "Traditional Chinese_acc": {"accuracy": 0.3677685950413223}, "Dutch_acc": {"accuracy": 0.0027548209366391185}, "English_acc": {"accuracy": 0.48760330578512395}, "French_acc": {"accuracy": 0.359504132231405}, "German_acc": {"accuracy": 0.008264462809917356}, "Hindi_acc": {"accuracy": 0.3512396694214876}, "Italian_acc": {"accuracy": 0.5964187327823691}, "Marathi_acc": {"accuracy": 0.08953168044077135}, "Polish_acc": {"accuracy": 0.011019283746556474}, "Romanian_acc": {"accuracy": 0.004132231404958678}, "Russian_acc": {"accuracy": 0.4793388429752066}, "Spanish_acc": {"accuracy": 0.290633608815427}}