{"aggregate_acc": {"accuracy": 0.32872503840245776}, "Arabic_acc": {"accuracy": 0.053763440860215055}, "Bengali_acc": {"accuracy": 0.12135176651305683}, "Brazilian Portuguese_acc": {"accuracy": 0.46697388632872505}, "Chinese_acc": {"accuracy": 0.3655913978494624}, "Traditional Chinese_acc": {"accuracy": 0.4039938556067588}, "Dutch_acc": {"accuracy": 0.41013824884792627}, "English_acc": {"accuracy": 0.44086021505376344}, "French_acc": {"accuracy": 0.45468509984639016}, "German_acc": {"accuracy": 0.5314900153609831}, "Hindi_acc": {"accuracy": 0.09216589861751152}, "Italian_acc": {"accuracy": 0.42089093701996927}, "Marathi_acc": {"accuracy": 0.013824884792626729}, "Polish_acc": {"accuracy": 0.500768049155146}, "Romanian_acc": {"accuracy": 0.4254992319508449}, "Russian_acc": {"accuracy": 0.522273425499232}, "Spanish_acc": {"accuracy": 0.03533026113671275}}