{"aggregate_acc": {"accuracy": 0.24155145929339478}, "Arabic_acc": {"accuracy": 0.059907834101382486}, "Bengali_acc": {"accuracy": 0.0}, "Brazilian Portuguese_acc": {"accuracy": 0.3087557603686636}, "Chinese_acc": {"accuracy": 0.24731182795698925}, "Traditional Chinese_acc": {"accuracy": 0.11059907834101383}, "Dutch_acc": {"accuracy": 0.3102918586789555}, "English_acc": {"accuracy": 0.17050691244239632}, "French_acc": {"accuracy": 0.26881720430107525}, "German_acc": {"accuracy": 0.3118279569892473}, "Hindi_acc": {"accuracy": 0.3195084485407066}, "Italian_acc": {"accuracy": 0.41013824884792627}, "Marathi_acc": {"accuracy": 0.3087557603686636}, "Polish_acc": {"accuracy": 0.2519201228878648}, "Romanian_acc": {"accuracy": 0.3210445468509985}, "Russian_acc": {"accuracy": 0.40706605222734255}, "Spanish_acc": {"accuracy": 0.05837173579109063}}