{"aggregate_acc": {"accuracy": 0.3229166666666667}, "Arabic_acc": {"accuracy": 0.03994490358126722}, "Bengali_acc": {"accuracy": 0.2699724517906336}, "Brazilian Portuguese_acc": {"accuracy": 0.4090909090909091}, "Chinese_acc": {"accuracy": 0.5013774104683195}, "Traditional Chinese_acc": {"accuracy": 0.41735537190082644}, "Dutch_acc": {"accuracy": 0.2493112947658402}, "English_acc": {"accuracy": 0.44077134986225897}, "French_acc": {"accuracy": 0.33884297520661155}, "German_acc": {"accuracy": 0.38292011019283745}, "Hindi_acc": {"accuracy": 0.19008264462809918}, "Italian_acc": {"accuracy": 0.3925619834710744}, "Marathi_acc": {"accuracy": 0.06887052341597796}, "Polish_acc": {"accuracy": 0.4972451790633609}, "Romanian_acc": {"accuracy": 0.3925619834710744}, "Russian_acc": {"accuracy": 0.3154269972451791}, "Spanish_acc": {"accuracy": 0.2603305785123967}}