{"aggregate_acc": {"accuracy": 0.19748463901689708}, "Arabic_acc": {"accuracy": 0.03533026113671275}, "Bengali_acc": {"accuracy": 0.0030721966205837174}, "Brazilian Portuguese_acc": {"accuracy": 0.4116743471582181}, "Chinese_acc": {"accuracy": 0.018433179723502304}, "Traditional Chinese_acc": {"accuracy": 0.027649769585253458}, "Dutch_acc": {"accuracy": 0.17511520737327188}, "English_acc": {"accuracy": 0.10291858678955453}, "French_acc": {"accuracy": 0.06912442396313365}, "German_acc": {"accuracy": 0.08602150537634409}, "Hindi_acc": {"accuracy": 0.4009216589861751}, "Italian_acc": {"accuracy": 0.40706605222734255}, "Marathi_acc": {"accuracy": 0.4039938556067588}, "Polish_acc": {"accuracy": 0.31490015360983103}, "Romanian_acc": {"accuracy": 0.29493087557603687}, "Russian_acc": {"accuracy": 0.19969278033794163}, "Spanish_acc": {"accuracy": 0.20890937019969277}}